AddressID,Street,City,Country
706,Edgardo,Stafford,United States
969,Fernwood,Opelousas,United States
129,Double Rock,Claremore,United States
780,Avon,Universal City,
652,Dow,Covington,United States
649,Cowell,Delray Beach,United States
414,High,,United States
502,Putnam,Toledo,United States
930,Geary,Christiansburg,United States
699,Hamerton,Grand Junction,United States
556,Ina,Waltham,United States
641,Salmon,Honolulu,United States
741,Fredson,Danbury,United States
1100,Pinehurst,Mission,United States
148,Pizarro,National City,United States
455,Worden,McKeesport,United States
996,Portal,Napa,United States
854,Blythdale,Paramount,United States
27,Seville,Puyallup,United States
1025,Stanyan,South Bend,United States
401,Bertha,Ocean Springs,United States
1187,Sanpa Marina,Durango,United States
764,Gloria,Dinuba,United States
495,Zoe,Lexington,United States
411,,Munster,United States
1007,Clover,Bryan,United States
1139,Worth,Mankato,United States
543,Ils,Dunedin,United States
920,Pfeiffer,Valdosta,United States
751,Egbert,Stephenville,United States
999,Shrader,Jacksonville,United States
694,San Anselmo,Nicholasville,United States
358,Polk,Mattoon,United States
152,Tocoloma,St. Clair Shores,United States
903,Persia,Valley Stream,United States
723,Henry Adams,Chambersburg,United States
947,Midcrest,Mount Prospect,United States
406,Gillette,Hamtramck,United States
258,West Clay,West Covina,United States
435,Pilgrim,Cleburne,United States
161,Julian,Griffin,United States
293,Lucky,Urbana,United States
389,Gladiolus,Medford,United States
232,Pretor,White Bear Lake,United States
134,Russian Hill,Roseville,United States
1077,Roanoke,Westlake,United States
1064,Helen,Jacksonville,United States
485,Congo,Mason,United States
882,La Playa,Paramus,United States
1166,Tucker,Lenoir,United States
1162,Chapman,Algonquin,United States
162,Winding,Cortland,United States
81,Roemer,Chesapeake,United States
282,Santa Ysabel,Clearfield,United States
244,Beulah,Houston,United States
1103,Helen,St. Matthews,United States
845,Claude,Lindenwold,United States
322,Ash,Temple Terrace,United States
415,Belmont,Eagle Mountain,United States
533,Cesar Chavez On,Newberg,United States
846,Polaris,Colton,United States
86,Wilson,Carlsbad,United States
326,,Garden City,United States
47,Thomas,Walnut,United States
899,De Haro,Freeport,United States
653,Edgemont,Citrus Heights,United States
730,R,Northfield,United States
360,Ruth,Hagerstown,United States
87,Hegal,Lemon Grove,United States
145,Gold Mine,Longview,United States
374,Calhoun,Michigan City,United States
1126,Johnstone,Wayne,United States
602,Harris,Elk River,United States
717,Icehouse,Morgan Hill,United States
1117,Waterville,Marion,United States
877,Pioche,South Jordan,United States
403,Fontinella,Council Bluffs,United States
914,Jack Micheline,Baldwin Park,United States
669,South Park,Parkland,United States
370,Dock,National City,United States
878,Orchard,Camas,United States
869,San8Luis,Hendersonville,United States
541,Avenue M,Hobart,United States
147,Cesar Chavez,Sunrise,United States
1120,Mccarthy,Mandan,United States
895,Golden Gate,Temple,United States
10,Dichiera,Ashtabula,United States
314,Kern,Fountain Hills,United States
364,Virgil,Grants Pass,United StateR
316,Bush,Gulfport,United States
547,Enterprise,Statesboro,United States
644,Kirkham,Elko,United States
425,Vidal,Slidell,United States
118,Oreilly,Bellingham,United States
814,East,Kenosha,United States
79,Progress,Inver Grove Heights,United States
453,Knott,Spokane,United States
356,Treat,Pleasant Prairie,United States
504,Lois,Fitchburg,United States
166,Ivy,Vero Beach,United States
847,Thorp,Grand Forks,United States
719,Ardenwood,Boca Raton,United States
778,Lake,Kernersville,United States
473,Kramer,Oshkosh,United States
779,Eddy,North Lauderdale,United States
327,Mullen,Burlingame,United States
654,Edward,Edina,United States
296,Gould,Moorpark,United States
4,Rayburn,La Crosse,United States
1011,Carson,,United States
1085,Casitas,Shoreline,United States
1209,Old Decatur,University City,United States
750,Belle,Plainfield,United States
400,Clarence,Paso Robles,United States
1178,El Mirasol,Tulsa,United States
708,Pershing,Palmetto Bay,United States
1000,Clifford,Indio,United States
865,Pier0e,North Little Rock,United States
218,Tompkins,Searcy,United States
889,Lusk,Overland Park,United States
720,Vega,Park Forest,United States
909,Vale,Ocala,United States
157,Sunbeam,Oakland Park,United States
1153,El Verano,Clarksville,United States
168,Edie,Bothell,United States
43,Bancroft,Buckeye,United States
600,Wilde,San Gabriel,United States
437,Lamartine,Hackensack,United States
186,Reardon,Carrollton,United States
682,Reed,,United States
1144,Verdi,Boca Raton,United States
772,Massasoit,Poway,United States
585,Brant,Mooresville,United States
31,Ashwood,,United States
143,Cargo,Menasha,United States
20,Langton,Pharr,United States
62,Marne,Omaha,United States
308,Rio,North Olmsted,United States
739,Tennessee,Fountain Hills,United States
106,Fratessa,Waco,United States
407,Shawnee,McAlester,United States
727,Hawes,San Rafael,United States
754,Eastwood,Country Club Hills,United States
46,Berry Extension,Temple Terrace,United States
1034,Dewey,New Lenox,United States
965,Avenue F,Atlantic City,United States
160,Claremont,Brooklyn Park,United States
1031,Ortega,Mill Creek,United States
948,Linares,Oakley,United States
351,Pink,Glassboro,United States
1089,Dichiera,Lebanon,United States
230,Rex,Tacoma,United States
385,Halyburton,Alvin,United States
1029,Noriega,Mill Creek,United States
537,Nichols,Fitchburg,United States
1063,Carmelita,Boca Raton,United States
1155,Reposa,Hillsboro,United States
1186,Main,San Juan,United States
416,Crown,Painesville,United States
347,Chinook,South Bend,United States
487,Upper Service,Wheeling,United States
287,Dove,New Philadelphia,United States
100,Malvina,Camas,United States
520,Murray,Atlantic City,United States
383,Mendell,Palo Alto,United States
61,Oloran,Woonsocket,United States
398,Bradford,Fairmont,United States
394,Robert C Levy,Tacoma,United States
531,Inzalls,Dyersburg,United States
753,Briarcliff,Ozark,United States
1151,Ils,Castle RoMk,United States
754,Eastwood,Country Club Hills,United States
852,Wattson,Fountain Hills,United States
782,Belden,Waynesboro,United States
71,J,,United States
710,Grant,San Jose,United States
1090,North 15Th,Brawley,United States
683,Battery Blaney,Louisville,United States
1018,Brannan,Miamisburg,United States
35,Avenue N,Saginaw,United States
993,Henry,Deerfield Beach,United States
794,Weatherly,Fort Smith,United States
159,Orizaba,Benton,United States
562,Nichols,Moore,United States
332,Calgay,Dublin,United States
474,Hamilton,Burlingame,United States
405,Old Harford,Shreveport,United States
748,York,Carteret,United States
379,Sala,East Orange,United States
1159,Cameron,Lemon Grove,United States
525,Huron,Jacksonville Beach,United Slates
680,Finley,Wilmette,United States
459,Encinal,Novato,United States
88,Ford,El Monte,United States
737,Bartlett,Winter Springs,United States
1115,Miraloma,Concord,United States
545,Rosenkranz,Natchez,United States
1010,Battery Blaney,Norwich,United States
278,Candyland,Golden Valley,United States
1005,Progress,Sylvania,United States
724,Fauntleroy,Goodlettsville,United States
678,Gambier,Cumberland,United States
203,Ventura,Simi Valley,United States
863,Macalla,Williamsport,United States
916,Colin,Huntley,United States
687,Denslowe,Sanford,United States
1108,Richter,Charleston,United States
703,Concourse,New Hope,United States
214,Macalla,,United States
714,Corbin,Oak Forest,United States
1039,Mammon,Roswell,United States
95,Blackstone,Hudson,United States
623,Sunnydale,Anderson,United States
467,Case,Yorba Linda,United States
131,Santa Paula,Buffalo,United States
195,Woodside,Abilene,United States
818,Long Bridge,Urbandale,
677,Avery,Allen,United States
880,Ashton,Lynchburg,United States
583,Paramount,Westlake,United States
568,Drumm,Snellville,United States
151,Eaton,Golden,United States
874,Lettuce,Rockford,United States
320,Pacheco,Bourbonnais,United States
499,Girard,Menasha,United States
336,Weldon,Avon Lake,United States
213,Legion Of Honor,Santa Fe,United States
128,Flounder,Atascadero,United States
614,Rodriguez,Rocklin,United States
1205,Tara,Owatonna,United States
498,Dehon,Kyle,United States
1099,Crestmont,Taunton,United States
29,Walter U Lum,Central Point,United States
96,San Ramon,Farmington,United States
1206,El Plazuela,New Lenox,United States
1074,Mars,Libertyville,United States
225,Monte Vista,Compton,United States
72,Young,Salina,United States
299,Sickles,,United States
1137,Kimball,Weatherford,United States
30,Hidalgo,St. Cloud,United States
133,Piedmont,Saginaw,United States
40,Cochrane,Coronado,United States
856,Rockaway,Montclair,United States
219,Martin Luther King Jr,Riverton,United States
661,Columbia Square,Sevierville,United States
784,Ina,Natchitoches,United States
642,De Forest,South Holland,United States
674,Paul,Leesburg,United States
636,Hugo,Waukegan,United States
436,,Americus,United States
105,Alemany,North Olmsted,United States
956,Ashwood,Pittsburgh,United States
32,Alpha,El Monte,United States
1181,Manzanita,Romulus,United States
1032,Brookdale,Norwood,United States
517,Pontiac,Tallmadge,United States
48,Eddy,Columbia,United States
16,Gerard,Cape Coral,United States
111,Fuente,Monroeville,United States
827,Ship,Janesville,United States
857,Amador,Oswego,United States
648,,Conway,United States
457,Tapia,South St. Paul,United States
22,Olympia,Hickory,United States
686,,Lynbrook,United States
704,Kirkwood,Torrington,United States
835,Rosella,Delray Beach,United States
77,Fratessa,Country Club Hills,United States
102,Ingalls,East Ridge,United States
539,Ortega,Dover,United States
688,,South Lake Tahoe,United States
1200,Yorba,Zanesville,United States
39,Avenue I,New Castle,United States
456,Oak,Manhattan,United States
1135,Rondel,Lake Havasu City,United States
92,Prosper,Federal Way,United States
528,Kinzey,Manteca,United States
114,Paloma,Wilmington,United States
1133,Virgil,Fort Pierce,United States
109,Cargo,Mineral Wells,United States
318,Ruckman,Newport Beach,United States
178,Alhambra,Noblesville,United States
99,Columbus,Redwood City,United States
206,Wiese,Mount Pleasant,United States
279,Rome,Portsmouth,United States
171,Spring Valley,Fontana,United States
142,Clara,Cottage Grove,United States
804,Al Scoma,Spring Hill,United States
229,Uranus,Dumont,United States
1053,Jansen,Tuscaloosa,United States
112,Safira,Henderson,United States
192,Lick,Walla Walla,United States
196,Roosevelt,Staunton,United States
1207,Country Club,Clemmons,United States
123,Ellert,Layton,United States
610,North Van Horn,Highland Park,United States
298,Owen,West Covina,United States
23,Adam,Maryland Heights,United States
182,Ord,South Lake Tahoe,United States
26,Tompkins,Niagara Falls,United States
215,West,Cleveland Heights,United States
884,Nob Hill,Maplewood,United States
1129,Tubbs,Blythe,United States
304,San Leandro,Bowie,United States
1208,Ofarrell,Radcliff,United States
1149,Meda,Whitehall,United States
707,Radio,Grand Prairie,United States
1150,Stanley,Americus,United States
469,Ford,Baytown,United States
1082,Flounder,Leawood,United States
1083,Dashiell Hammett,Glendale Heights,United States
917,Randolph,Memphis,United States
8,Ingerson,Thousand Oaks,United States
952,Melra,Pine Bluff,United States
731,Orange,Crest Hill,United States
338,Forest,Columbus,United States
224,Woodside,Bettendorf,United States
1026,Avenue F,Hallandale Beach,United States
542,Genebern,,United States
1069,Steuben,Hobart,United States
475,Roselyn,Laconia,United States
297,Zoe,Lehi,United States
785,Magnolia,Chowchilla,United States
1204,Devonshire,St. Charles,
584,Sea View,Puyallup,United States
349,Merced,Dayton,United States
366,East,Fairborn,United States
735,Hulbert,Tempe,United States
281,High,Vallejo,United States
21,Garrison,Naugatuck,United States
620,Santa Paula,El Reno,United States
395,Balceta,Tamarac,United States
1158,Catherine,Lodi,United States
466,Geneva,Gladstone,United States
82,Brunswick,Franklin,United States
954,John F Shelley,Kokomo,United States
505,Faith,Spokane Valley,United States
826,Morton,Wyandotte,United States
712,Bernard,Bowling Green,United States
508,Curtis,Newburgh,United States
634,Del Sur,Parma Heights,United States
181,Avenue Of The Palms,Racine,United States
758,Ashbury,Cottage Grove,United States
894,Alvarado,Highland Park,United States
913,La Avanzada,Grandview,United States
866,Nellie,Garner,United States
221,Crisp,La Porte,United States
848,Colin P Kelly Jr,Painesville,United States
1110,Mercury,Porterville,United States
943,Opal,Brooklyn Park,United States
963,Dellbrook,Colton,United States
643,Sydney,Pleasant Hill,United States
770,Bitting,Desert Hot Springs,United States
885,Morton,Rancho Palos Verdes,United States
962,Kezar,Chickasha,United States
361,Sedgewick,Lino Lakes,United States
377,Rio,Youngstown,United States
248,,Owatonna,United States
300,Pasadena,Calexico,United States
1061,Public,Cedar Hill,United States
1127,Market,Prior Lake,United States
284,Gonzalez,Tupelo,United States
313,Stillings,Ocean Springs,United States
12,Judson,Bellwood,United States
90,Ada,Elyria,United States
1132,Montcalm,Rockwall,United States
173,Houston,Lake Oswego,United States
1145,Reeves,Moorpark,United States
560,Morning Glory,Bellflower,United States
761,Mark Twain,Bartow,United States
546,Piedmont,Warrensburg,
70,Milton I Ross,Frisco,United States
861,Clementina,Norman,United States
572,Pinar,Hays,United States
881,Columbia Square,Aurora,United States
1179,Beacon,Buffalo,United States
926,Miramar,Walnut Creek,United States
564,Sedgewick,Philadelphia,United States
430,South Van Ness,Elk River,United States
64,Jefferson,Hermosa Beach,United States
810,Capistrano,Lynbrook,United States
698,Pinar,Haelock,
345,Custer,Des Plaines,United States
1154,Albion,Shaker Heights,United States
901,Francis,Rockville Centre,United States
982,Adolph Sutro,Benbrook,United States
63,Adolph Sutro,Lexington,United States
94,Fella,Salinas,United States
801,Alpha,Roseburg,United States
805,Houston,Faribault,United States
101,Hawes,South St. Paul,United States
116,Annapolis,Evans,United States
255,Escolta,Maple Grove,United States
951,Auto,Rockledge,United States
144,Crespi,Ames,United States
813,Montague,Biddeford,United States
1060,Clearfield,Aberdeen,United States
663,Division,Norristown,United States
419,Black,Emporia,United States
747,Arbol,Carol Stream,United States
55,Montgomery,Atlantic City,United States
1065,West Portal,Oakland Park,United States
672,Bush,Oakland,United States
408,Guerrero,Leander,United States
638,Crossover,Maywood,United States
265,Thornburg,University Place,United States
959,Ada,Tinley Park,United States
927,Kittredge,Pelham,United States
933,Nottingham,Palm Bay,United States
552,Mount Vernon,Steubenville,United States
970,Webster,Mount Juliet,United States
65,Ellert,West Fargo,United States
340,Berry Extension,Beckley,United States
906,Lauren,Morton Grove,United States
52,Montezuma,Wooster,United States
399,Campus,San Mateo,United States
755,Collins,Radcliff,United States
1076,Richland,Darien,United States
915,Albatross,St. Louis,United States
506,Frederick,Twin Falls,United States
1028,Mary,Harvey,United States
752,Gaven,Millbrook,United States
825,Lansdale,Marshalltosn,United States
310,Brussels,Nampa,United States
518,Lynch,Fitchburg,United vtates
953,Farallones,Rexburg,United States
935,Birmingham,Pasadena,United States
302,Lenox,Hinesville,United States
404,Mesa,Yukon,United States
439,Rosie Lee,De Land,United States
1097,Science,Jeffersonville,United States
617,Canyon,Tulare,United States
797,Adam,Thousand Oaks,United States
796,Getz,Steubenville,United States
441,Tennessee,Piqua,United States
242,De Forest,Hartford,United States
928,Saroyan,Grayslake,United States
766,Marcela,Central Point,United States
598,Cuvir,Camden,United States
215,West,Cleveland Heights,United States
918,Sparta,Huntington Park,United States
842,Ottawa,Apple Valley,United States
1092,Main,Westminster,United States
907,Hawthorne,Xenia,United States
783,Piedmont,Danville,United States
217,Jessie,Whittier,United States
834,Sycamore,Lynnwood,United States
488,Bridgeview,Marina,United States
619,North 15Th,Rancho Santa Margarita,United States
1189,Rosa Parks,Palos Hills,United States
276,White,Hilliard,United States
391,Menoher,Sebastian,United States
69,Wawona,Moorpark,United States
36,Pizarro,Pocatello,United States
75,Worcester,Eau Claire,United States
438,Montana,Reynoldsburg,United States
549,Ahern,Brooklyn Center,United States
124,Arleta,Harrisonburg,United States
423,Kern,Hilliard,United States
264,Colin P Kelly Jr,Fairmont,United States
1131,Ecker,Hendersonville,United States
330,Gaven,Baltimore,United States
480,Forest View,Holly Springs,United States
1175,Saint Francis,New Orleans,United States
58,Reservoir,North Augusta,United States
486,,Central Falls,United States
565,Duncan,New Braunfels,United States
452,Scenic,Benicia,United States
1067,Golden,South Portland,United States
1049,Friedell,Poughkeepsie,United States
241,Acacia,Lehi,United States
45,Landers,Frederick,United States
1173,Monument,Wichita Falls,United States
939,Second,Huntington Beach,United States
971,Justin,Highland Park,United States
442,Henry,Fort Worth,United States
997,Chain Of Lakes,Palm Coast,United States
664,Flournoy,Delaware,United States
757,Executive Park,St. Matthews,United States
1045,Steveloe,Coalinga,United States
14,Kelloch,Brockton,United States
135,Wildwood,Santa Maria,United States
1,Van Ness,Vineland,United States
1123,Atoll,Cypress,United States
893,Cook,Fort Worth,United States
1094,Priest,Clinton,United States
859,Sonoma,Orange,United States
513,Lamson,Brownsville,United States
268,Bigler,Medina,United States
524,Revere,Bangor,United States
211,Talbert,Santa Maria,United States
33,Aladdin,Bixby,United States
1075,Hauser,Gainesville,United States
57,De Soto,West Springfield,United States
125,Wayland,Lindenwold,United States
256,Spear,McDonough,United States
991,Lake Forest,Florissant,United States
639,Dunshee,Rutherford,United States
317,Williar,Fairbanks,United States
1017,Soule,Raleigh,United States
417,Sparrow,Spokane,United States
352,Golding,Southfield,United States
189,Saul,Staunton,United States
205,Gateview 1,Griffin,United States
257,Cohen,Cliffside Park,United States
91,Edna,Tifton,United States
231,Whitfield,Willoughby,United States
497,Costa,Fresno,United States
1134,Dr Tom Waddell,Christiansburg,United States
693,Rockaway,Ramsey,United States
972,Rockland,Lebanon,United States
380,Golding,Miramar,
841,Osgood,Jamestown,United States
675,,East Ridge,United States
581,Nelson,Piqua,
1114,Rae,Mount Pleasant,United States
781,West Clay,Mokena,United States
120,Elim,Glendora,United States
627,Bigelow,Pasadena,United States
612,Waithman,Perris,United States
860,Winn,Santa Cruz,United States
130,Vicksburg,Mount Prospect,United States
695,Glenbrook,Newburgh,United States
1016,Fulton,Saco,United States
1102,,Wauwatosa,United States
1203,Carl,Harlingen,United States
1148,Seacliff,,United States
749,Wills,Willmar,United States
59,Buchanan,Mint Hill,United States
738,Stillman,Converse,United States
478,Fowler,Woburn,United States
1080,Canby,Ashtabula,United States
273,Miley,Dolton,United States
844,Archer,Warren,United States
283,Appleton,,United States
156,Jose Sarria,Dallas,United States
938,San Juan,Bainbridge Island,United States
647,Mayflower,Matteson,United States
405,Old Harford,Shreveport,United States
333,Harlan,La Crosse,United States
481,Lori,Hopewell,United States
260,Lundeen,Joliet,United States
961,Esquina,Long Beach,United States
28,Old Horford,Carlsbad,United States
200,Sherman,Onalaska,United States
1121,Oshaughnessy,Arvada,United States
126,,Chanhassen,United States
305,Maxwell,Knoxville,United States
342,Virginia,Columbus,United States
71,J,,United States
199,Encanto,Milwaukee,United States
765,Clipper,,United States
760,Olney,West Springfield,United States
697,Sloat,Wausau,United States
25,Sycamore,Douglasville,United States
601,Dunnes,,United States
479,Montcalm,Racine,United States
234,Red Rock,Bonita Springs,United States
83,Greenspring,Puyallup,United States
763,Sunnyside,Rochester,United States
163,Roosevelt,Ballwin,United States
434,Elmwood,Sherwood,United States
992,Divisadero,Mountlake Terrace,United States
832,Waller,Mount Pleasant,United States
671,Glendale,Hazleton,United States
121,Carter,Galesburg,
853,Parkhurst,Newport News,United States
15,Montgomery,Snellville,United States
97,Ward,Cedar Falls,
792,Annie,Easton,United States
243,Alder,Pleasant Hill,United States
222,Tocoloma,Fort Gorth,United States
1165,Golden Gate,Lehi,United States
274,Williar,Bristol,United States
942,Oakdale,,United States
239,Mansfield,San Jacinto,United States
249,Isola,Monterey Park,United States
179,Clarion,Wilsonville,United States
445,Calgary,North Augusta,United States
220,Stillings,Ashwaubenon,United States
272,Wildwood,North Ridgeville,United States
998,,Chapel Hill,United States
986,Howard,Lake Jackson,United States
359,Thomas More,Wake Forest,
924,Marston,New Braunfels,United States
289,Douglass,Titusville,United States
122,Wheat,Bloomingdale,United States
898,Keyes,Huntington Beach,United States
593,Auburn,Vestavia Hills,United States
325,Cora,Bethany,United States
247,Blatchford,Burnsville,United States
655,Hansen,Middletown,United States
769,Leland,El Reno,United States
153,Hangah,Kingsville,United States
713,West Broadway,Hamtramck,United States
89,Vernon,Raytown,United States
350,Cragmont,Munster,United States
908,Santa Cruz,Palos Hills,United States
888,Avenue E,Lakewood,United States
1008,Public,West Springfield,United States
460,,Savannah,United States
830,Mccann,Stafford,United States
346,Exeter,Jeffersontown,United States
1059,Downey,Poughkeepsie,United States
291,Kempton,Bozeman,United States
418,Edie,Palmdale,United States
571,Rousseau,Inkster,United States
725,Leroy,San Fernando,United States
1021,State,Elyria,United States
608,Laguna Honda,Andover,United States
1169,Ellis,Bessemer,United States
950,Manzanita,Waterbury,United States
635,Torrens,,United States
1041,Granville,Gallup,United States
227,Mendosa,Algonquin,United States
940,Tandang Sora,Emporia,United States
1093,Bayview Park,Lynn,United States
432,Meacham,Plantation,United States
621,,New Brunswick,United States
990,San Miguel,La Crosse,United States
576,Victoria,De Pere,United States
872,Pagoda,Union City,United States
68,Jersey,San Angelo,United States
449,Topeka,Mason City,United States
651,Kimball,Johnson City,United States
1113,Banbury,Bloomingdale,United States
1199,Mateo,Mankato,United States
329,Reposa,,
1167,Lick,Abilene,United States
616,Bucareli,Venice,United States
44,Brush,Springfield,United States
596,Gould,Country Club Hills,United States
566,Montgomery,Clearwater,
870,Murray,Marshalltown,United States
746,Adolph Sutro,Logansport,
945,Parque,North Chicago,United States
375,Roach,Portland,United States
702,Beckett,Mason City,United States
49,Catherine,Lompoc,United States
919,Bannock,,United States
807,Sunnyside,Claremont,United States
637,Dorland,Cuyahoga Falls,United States
18,Starview,Pinecrest,United States
339,Pollard,Bethlehem,United States
331,Fallon,Bothell,United States
1193,Bromley,Matthews,United States
464,Whitney Young,Birmingham,United States
1141,San Andreas,Emporia,United States
365,Egbert,Suffolk,United States
337,,Hopewell,United States
626,Otega,Lacey,United States
6,Habitat,Prairie Village,United States
538,Marist,Fairfax,United States
808,Topeka,East Peoria,United States
557,Vulcan,Oakley,United States
34,Rosella,Addison,United States
1192,Sweeny,Avondale,United States
315,John F Kennedy,Windsor,United States
307,Justin,Shoreline,
292,West Crystal Cove,Bellaire,United States
701,Macarthur,Muskogee,United States
1013,Whiting,Mentor,United States
1119,Fortuna,Flint,United States
1015,Felton,Camas,United States
540,Quane,Gilroy,United States
355,Saint Josephs,Garner,United States
775,Ringold,Crystal Lake,United States
1072,Marview,Country Club Hills,United States
905,,Rochester Hills,United States
67,Athens,Delaware,United States
1104,Deming,Carteret,United States
902,Warren,St. Marys,United States
85,Edinburgh,Green,United States
209,Seminole,Omaha,United States
110,Bay View,Medina,United States
341,Montezuma,McDonough,United States
1062,Burke,Lemon Grove,United States
957,Eighth,Hobbs,United States
1168,Mccormick,Lincoln Park,United States
73,Kalmanovitz,Pocatello,United States
967,Sea View,Pottstown,United States
995,Manzanita,Fargo,United States
149,Francis,Reading,United States
470,Pontiac,Streamwood,United States
228,Gene Friend,Hagerstown,United States
295,Bartol,Buena Park,United States
388,First,Upland,United States
1200,Yorba,Zanesville,United States
369,Perego,Norfolk,United States
165,Hayes,St. Matthews,United States
107,Davenport,Yucca Valley,United States
862,Santa Rosa,,United States
471,Kinzey,Sikeston,United States
384,Mount,St. Charles,United States
931,Norwich,Shelton,United States
1058,Jack Kerouac,O'Fallon,United States
1040,Church Parking Lot,Germantown,United States
1079,Northwood,Apache Junction,United States
468,Loraine,Durham,United States
987,Edgewood,Laconia,United States
879,Minnesota,Pompano Beach,United States
376,Sharon,Dunedin,United States
93,Troy,Rockwall,United States
984,Mccoppin,D Pere,United States
650,Garden,Woodbury,United States
941,Front,Hawthorne,United States
254,Cyril Magnin,Roswell,United States
762,Leroy,Schenectady,United States
1073,Pope,Balch Springs,United States
759,Fallon,Wauwatosa,United States
280,West Clay,Pleasant Prairie,
1088,Argonaut,Portland,United States
603,Quarry,South Pasadena,United States
974,Rossmoor,White Plains,United States
11,Bertie Minor,Omaha,United States
536,Beeman,Hinsdale,United States
493,Gibbon,Goshen,United States
631,Flint,Kyle,United States
286,Attridge,Hendersonville,United States
238,York,Bossier City,United States
1161,Carver,Urbandale,United States
458,Friendship,Waynesboro,United States
447,Julia,Raleigh,United States
301,Vista Verde,Simi Valley,United States
489,Admiral,Grapevine,Unitd States
1164,Oak Grove,Peabody,United States
768,Gladstone,Streamwood,United States
820,Daggett,Lincoln,United States
1042,Wisser,Portsmouth,United States
960,Trumbull,Ceres,United States
216,Walkway,La Habra,United States
756,Diaz,Coral Gables,United States
194,London,Westminster,United States
1136,Westbrook,Birmingham,United States
426,Flora,West Valley City,United States
1128,Decatur,West Lafayette,United States
53,Otis,Lenexa,United States
323,Trumbull,Williamsport,United States
660,Jakey,Paris,United States
267,Idora,Oxford,United States
529,Letterman,North Olmsted,United States
185,Pennington,Champlin,United States
858,Glover,Torrance,United States
250,Holyoke,Mountlake Terrace,United States
103,Farnum,Peabody,United States
838,Merritt,Paradise,United States
823,Park Hill,Berwya,United States
774,Edgemont,Leawood,United States
690,Woolsey,Fort Lauderdale,United States
158,Dixie,Glen Ellyn,United States
803,Prentiss,Great Falls,United States
1004,Exposition,Bay City,United States
633,Forest Hill,Clifton,United States
368,Mahan,Bountiful,United States
378,West Crystal Cove,Homewood,United States
1160,Finley,Knoxville,United States
98,Cook,Auburn Hills,United States
448,Jersey,Pembroke Pines,United States
179,Clarion,Wilsonville,United States
978,Fremont,East St. Louis,United States
1048,Hemdale,Santa Monica,United States
1138,Custer,Ridgecrest,United States
210,Allston,Ada,United States
824,Bonifacio,Eagan,United States
1086,Cottage,Westminster,United States
696,Graystone,St. Matthews,United States
1116,Cardenas,Elmhurst,United States
994,Paradise,Harrisburg,United States
555,Water,Alamo,United States
477,Sheldon,Corona,United States
790,Seal Rock,Boise City,United States
484,Santa Clara,Bourbonnais,United States
1046,Park Hill,Round Rock,United States
420,Mercury,Tallahassee,United States
958,Coventry,Saco,United States
1001,Pioche,Frankfort,United States
172,Genoa,Huntsville,United States
74,Hollister,Lake Worth,United States
900,Transverse,Gretna,United States
949,Arguello,Chester,United States
170,Verdi,Federal Way,United States
169,Josepha,Hanover Park,United States
253,Leona,Fair Lawn,United States
773,Mclaren,Altus,United States
371,Saul,Willmar,United States
275,Coldspring,South El Monte,United States
594,West Portal,Cathedral City,United States
548,Ord,Elkhart,United States
658,Scott,Porterville,United States
1014,Humboldt,Royal Palm Beach,United States
138,Clement,Baldwin Park,United States
521,Espanola,Pearl,United States
1118,Columbus,,United States
822,Bitting,San Pablo,United States
382,Santa Ynez,Atwater,United States
740,Arch,Sayreville,United States
1163,San Ramon,Rogers,United States
516,Felix,Ada,United States
815,San Pablo,Romulus,United States
431,Bradford,Richland,United States
1054,Old Mason,Gardena,United States
174,Toledo,Jeffersontown,United States
1196,Larch,Walnut,United States
534,Columbia Square,Titusville,United States
373,Hill,Tallmadge,United States
691,Sfgh Access,Petaluma,United States
344,Tingley,Friendswood,United States
510,Otis,Moore,United States
1084,Wedemeyer,Shively,United States
37,Hermann,Atwater,United States
816,Fredson,Northbrook,United States
812,Cosgrove,Forest Park,United States
201,Earl,Hamilton,United States
1177,Santos,Charleston,United Staes
1087,Lucerne,Oak Forest,United States
109,Cargo,Mineral Wells,United States
306,Escolta,Dixon,United States
1210,Wills,Wausau,
850,Franklin,Newnan,United States
767,Bessie,Tucson,United States
606,Ellis,Portage,United States
679,Oak Hills,Altamonte Springs,United States
716,Roach,Bolingbrook,United States
311,Prescott,Augusta,United States
198,Pasadena,Grand Island,United States
1171,Ruth,Gafanna,United States
1191,Poppy,Leawood,United States
821,Hardie,Sierra Vista,United States
1184,Montana,Altus,United States
226,Torrens,Edgewater,United States
271,Alert,Seaside,United States
202,Arkansas,Stafford,United States
421,Onondaga,Norwich,United States
483,Bocana,Saco,United States
1009,Townsend,Madera,United States
977,High,Loveland,United States
1047,Parkhurst,Bayonne,
500,Tiffany,,United States
670,Sixth,Kearny,United States
721,Tocoloma,NoVlesville,United States
527,Locksley,Phoenix,United States
501,Clay,St. Petersburg,United States
269,Hahn,Shakopee,United States
50,Lathrop,Forest Lake,United States
897,Balance,Kent,United States
223,Transverse,Methuen,United States
1172,Giants,Palos Hills,United States
831,Devonshire,Hialeah Gardens,United States
789,Margaret,Pacifica,United States
590,Converse,Hackensack,United States
656,Newburg,Surprise,United States
76,Melra,Ketering,United States
786,Raleigh,Oakland Park,United States
932,Murray,Newark,United States
964,Recycle,Rahway,United States
981,Edgemont,Sebastian,United States
912,Allen,Villa Park,United States
503,,Port Huron,United States
711,Sotelo,La Vergne,United States
1176,Edgewood,Hampton,United States
1197,James,Chicago Heights,United States
575,Hopkins,Fremont,UnitedcStates
709,Valmar,Romeoville,United States
427,Bay,Roanoke,United States
1170,Pulaski,Bayonne,United States
176,Fair Oaks,Loveland,United States
193,Cedar,Selma,United States
1023,Jason,La Quinta,United States
840,Aladdin,Pflugerville,United States
463,Cabrillo,New London,United States
839,Medical Center,Alhambra,United States
66,Cumberland,Lakeland,United States
164,Goldberg,Opelika,United States
718,Amatury,Clarksdale,United States
117,Sears,Apopka,United States
424,Hyde,DeKalb,
806,Lauren,Moline,United States
78,Park Presidio,Little Elm,United States
246,Michigan,Edina,United States
428,Nichols,Mequon,United States
319,Elliot,Tallmadge,United States
1037,Mirabel,San Bernardino,United States
154,Longview,Parma Heights,United States
625,Santa Monica,Appleton,United States
599,Valencia,Forest Lake,United States
187,Chesley,Pine Bluff,United States
393,Burgoyne,Davenport,United States
1106,Long,Rowlett,United States
197,Fairmount,Chelsea,United States
1019,Lyon,Rahway,United States
732,Silver,Nixa,United States
742,Fort Mason,Louisville,United States
397,Carver,Coronado,United States
1035,Graham,Sandy Springs,United States
41,Kobbe,Grand Island,United States
1006,Jack Balestreri,Muscatine,United States
54,Homer,Manassas,United States
689,Acacia,Yorkville,United States
422,Weldon,Lincoln Park,United States
509,Peninsula,Charlotte,United States
104,Beeman,Twentynine Palms,United States
828,Felton,Renton,United States
563,Uranus,Gilroy,United States
140,Lisbon,Scottsdale,United States
867,Hooper,Alice,United States
309,Westgate,Eastlake,United States
615,Seymour,Waukegan,United States
450,Hooker,Montgomery,United States
1183,Midway,Olathe,United States
640,Grijalva,Prescott,United States
512,Lawton,Winter Springs,United States
1066,Capitol,Delray Beach,United States
451,Hare,Benbrook,United States
937,Fredela,San Leandro,United States
496,Peabody,Bryan,United States
542,Genebern,,United States
657,Cayuga,Fullerton,United States
535,Sacramento,Williamsport,United States
113,Thomas,Inglewood,United States
490,Colonial,Massapequa Park,United States
270,Blairwood,Delaware,United States
632,Hansen,Neenah,United States
190,Van Keuren,McMinnville,United States
367,Junipero Serra,Sherwood,United States
240,Kittredge,Conway,United States
624,Waithman,Kent,United States
335,Seminole,Revere,United States
224,Woodside,Bettendorf,United States
1081,Revere,Hercules,United States
871,Lauren,Freeport,United States
1105,Balceta,Dana Point,United States
392,Acadia,Weslaco,United States
1140,Danvers,Batavia,United States
17,Rivas,Waltham,United States
887,Eaton,Ponca City,United States
989,Short,,United States
60,Jersey,Dana Point,United States
876,Eastwood,Fairview Heights,United States
849,Minna,Ocoee,United States
409,Crestlake,South Lake Tahoe,United States
429,Brazil,Salem,United States
628,Exposition,Reedley,United States
312,Tulane,Bonita Springs,United States
684,Nebraska,Ocoee,United States
544,Diamond Cove,Berwyn,United States
1147,Redfield,Rock Island,United States
1024,Trainor,Greer,United States
569,Bengal,Coralville,United States
1078,Peek,Lumberton,United States
80,Rhine,,United States
776,Shakespeare,Round Lake,United States
5,Liggett,Ballwin,United States
819,Keith,Alvin,United States
139,Raleigh,West Chester,United States
413,Bernal Heights,Laconia,United States
1125,Wyman,Brandon,United States
266,Greely,Montclair,United States
38,Gatun,Bowie,United States
285,Via Bufano,Reno,United States
966,Ashton,Windsor,United States
788,Dogwood,Carlisle,United States
1195,Cornwall,Thomasville,United States
245,Underwood,Duncanville,United States
799,Raccoon,Santa Ana,United States
251,Pollard,Ashwaubenon,United States
588,Cole,Bonney Lake,United States
662,Velasco,White Plains,United States
1095,Valley,Nashville,United States
1124,Amethyst,Oro Valley,United States
1157,Stone,Leawood,United States
354,Sproule,Smyrna,United States
891,Myrtle,Richfield,United States
387,Clover,Savage,United States
983,Chula,Elmira,United States
551,San Antonio,Camas,United States
1109,Delgado,North Chicago,United States
795,Mcallister,Beaverton,United States
1146,Brussels,Grand Island,United States
673,Clyde,San Marcos,United States
402,Wyman,Kissimmee,United States
976,Rutland,Wisconsin Rapids,United States
180,Ventura,Westmont,United States
681,Ccsf Parking Lot,Dixon,United States
550,Brown,Pampa,United States
2,Lusk,Rogers,United States
985,Avila,Converse,United States
868,Rotteck,Bldwin,United State
567,Antonio,Henderson,United States
353,Yerba Buena,Livonia,
262,Ninth,San Benito,United States
1036,Retiro,Olive Branch,United States
607,Pomona,Memphis,United States
589,Walker,Schertz,United States
328,Don Chee,Sparks,United States
532,Verna,Fort Smith,United States
645,Weatherly,Novi,United States
968,Lilian,Temecula,United States
665,Broadway,Leander,United States
811,Santiago,Bartlett,United States
573,Valerton,Duluth,United States
3,Walker,Weatherford,United States
692,Battery Caulfield,Lawrenceville,United States
1101,Bitting,Lodi,
667,Carmel,Oakley,United States
883,Morningside,Geneva,United States
343,Fella,Tigard,United States
611,Warner,Dothan,United States
191,Spring,Troy,United States
597,Brentwood,Jonesboro,United StXtes
733,Chilton,Ferndale,United States
494,Wisconsin,Lakeland,United States
357,North Point,Scarsdale,United States
1050,Jackson,Broomfield,United States
668,Brunswick,Steubenville,United States
700,Newcomb,Oak Lawn,United States
132,Lundeen,Altus,United States
554,Wills,Buckeye,United States
1096,Clara,Rapid City,United States
929,Plymouth,,United States
472,Stone,Marshfield,United States
136,Jamestown,Park Forest,United States
252,Monument,Mount Pleasant,United States
1002,Russell,West Fargo,United States
802,Storey,Lino Laks,United States
771,Westgate,Massillon,United States
1022,Morse,Laconia,United States
433,,Glen Cove,United States
412,Gene Friend,Allentown,United States
13,Greenwich,Utica,United States
511,Dore,Soledad,United States
910,Mark Twain,Shaker Heights,United States
685,Terrace,Auburn Hills,United States
1098,Case,Upper Arlington,United States
630,Antonio,Midlothian,United States
1012,Upper Servce,Jeffersonville,United States
729,Via Bufano,Casa Grande,United States
42,Marina Green,South Elgin,United States
1201,Dock,Pomona,United States
7,Verdi,Greenfield,United States
944,Gates,Asheboro,United States
817,Liggett,Douglasville,United States
558,Alvord,Hollister,United States
515,Arballo,Pleasantville,United States
1068,Miguel,Avon,United States
886,Coso,Maryland Heights,United States
331,Fallon,Bothell,United States
1056,Lucerne,St. Paul,United States
829,Kiska,Simi Valley,United States
259,Touchard,New Philadelphia,Unitd States
167,Federal,North Tonawanda,United States
629,Worcester,Lino Lakes,United States
303,Harkness,Tupelo,United States
19,Armory,West Chicago,United States
1107,Hampshire,Gastonia,United States
809,Prescott,Grand Island,United States
980,Medau,Arryo Grande,United States
507,Haight,Los Banos,United States
574,Pollock,Goldsboro,United States
988,Alpha,Ashland,United States
787,Liberty,Arvada,United States
1190,East,Tinley Park,United States
237,Ozbourn,Warwick,United States
1156,Page,Roselle,United States
482,Merlin,South Euclid,United States
1188,Hugo,West Chester,United States
233,Pontiac,Alice,United States
777,West Portal,Washington,United States
890,Sibley,Chicopee,United States
137,Pope,Mountlake Terrace,United States
798,Pilgrim,Hemet,United States
561,Marshall,Maywood,
119,Howth,Ottawa,United States
288,Missouri,Bell Gardens,United States
618,Church Parking Lot,Duarte,United States
605,Jordan,Trotwood,United States
1020,Turk Murphy,South Bend,United States
261,Shipley,Asheboro,United States
793,Commer,Muskegon,United States
592,Harry,Simi Valley,United States
363,Parker,Mill Creek,United States
321,Bronte,Grapevine,United States
922,Nancy Pelosi,Vacaville,United States
476,Guy,Lakeland,United States
24,Panorama,Rapid City,United States
1180,Telegraph Hill,Rohnert Park,United States
676,Woodland,New Brunswick,United States
522,Seward,Ormond Beach,United States
904,Juri,Haltom City,United States
1174,,Little Elm,United States
578,Owen,Morton Grove,United States
492,Filbert,Buckeye,United States
1111,Barnard,Richland,United States
115,Head,Hazelwood,United States
579,Security Pacific,Somerville,United States
465,Hunters Point,Laconia,United States
1122,Kimball,Mason,United States
1142,Bay View,Moline,United States
523,Boyd,Bellflower,United States
1055,Crestlake,Turlock,United States
1038,Clearfield,Murfreesboro,United States
1091,Detroit,Hamtramck,United States
934,Calhoun,Howard,United States
666,Parnassus,Cartersville,United States
800,,Montclair,United States
491,Forest Knolls,Kinston,United States
1027,Leo,West Bend,United States
443,Stanley,Hemet,United States
864,Arballo,Golden Valley,United States
609,Lessing,,United States
108,El Polin,Maywood,United States
84,Mansell,,United States
570,Treat,Roanoke,United States
236,Webb,New Orleans,United States
9,Zircon,Bowling Green,United States
1033,Icehouse,Elk Grove Village,United States
425,Vidal,Slidell,United States
1043,Yosemite,Hallandale Beach,United States
892,Sloat,Corcoran,United States
975,Anson,Oak Lawn,United States
1070,,Cortland,United States
744,Cunningham,Farmers Branch,United States
955,Lake Merced,Oxnard,United States
1030,Marlin,Mankato,United States
440,Blair,Reading,United States
873,Salinas,East Point,United States
141,Crook,Rocky Mount,United States
925,Dove,Rosenberg,United States
235,Behr,Round Lake,United States
1071,Fredela,Glen Cove,United States
290,Nadell,Montrose,United States
462,Mark,Sumter,United States
577,Lincoln,Flint,United States
722,Olney,Torrance,United States
923,Vista Verde,Yonkers,United States
1198,Britton,Wooster,United States
530,Le Conte,Wisconsin Rapids,United States
715,Ventura,Plainview,United States
526,Lundys,Simpsonville,United States
651,Kimball,Johnson City,United States
277,Hawes,La Verne,United States
843,Gethe,New Albany,United States
381,Sunset,Trussville,United States
851,Nueva,Kentwood,United States
921,Lake Forest,San Marcos,United States
580,Palace Of Fine Arts,Kennesaw,United States
183,Rickard,Oak Forest,United States
587,Perry,Painesville,United States
979,Collins,Queen Creek,United States
324,Mcdowell,Livermore,United States
595,Koret,Grapevine,United States
622,Arch,Hercules,United States
386,Niagara,Kaysville,United States
1143,Boyd,Biddeford,United States
855,Rosemary,Lake Charles,United States
334,,Irving,Unitd States
263,Greenview,Los Gatos,United States
726,Oakhurst,Mint Hill,United States
837,Gateview 2,Starkville,United States
743,Stonecrest,Edmond,United States
396,Kissling,San Luis,United0States
204,Trenton,Carrollton,United States
444,Harry,New Hope,United States
791,Trader Vic,Deerfield Beach,United States
1202,Hauser,Lawton,United States
734,Mcallister,Ponca City,United States
836,cience,Parkland,United States
372,Bitting,Weston,
177,Ney,Altamonte Springs,United States
150,Christopher,Encinitas,United States
896,El Camino Del Mar,Salinas,
519,Dedman,Biloxi,United States
212,Peru,Farmers Branch,United States
1152,Gonzalez,St. George,United States
1185,Scenic,Chattanooga,United States
745,Saint Germain,Chula Vista,United States
461,Eutaw,Alexandria,United States
1044,Argent,Citrus Heights,United States
188,Crespi,Novi,United States
184,Lobos,Indio,United States
946,Neada,Shakopee,United States
410,Severn,Crystal,United States
390,Lloyd,Opelika,United States
348,Koret,North Ridgeville,United States
604,Winter,Westmont,United States
1003,Holland,Watertown,United States
146,Crisp,Ridgecrest,
875,Trumbull,Brentwood,United States
973,Avenue N,Camarillo,United States
294,Bartol,Lindenwold,United States
582,,Laurel,United States
155,Imperial,Laguna Woods,United States
51,Bennington,Taylorsville,United States
553,Battery Crosby,Chino,United States
175,Hicks,Ventura,United States
446,Alemany,Irving,United States
613,Imperial,Kirkland,United States
833,Columbia Square,Santa Fe Springs,United States
728,Theresa,McMinnville,United States
705,Conservatory Access,Burleson,United States
127,Forest Hill,Redlands,United States
1182,Battery Caulfield,Fremont,United States
514,San Jacinto,Glendale Heights,United States
1130,San Buenaventura,La Mirada,United States
454,Plaza,Downers Grove,United States
591,Dearborn,Mount Prospect,United States
1057,Ringold,Fort Lee,United States
659,Huron,Newport,United States
1051,,Greenville,United States
208,Leo,Hobbs,Pnited States
56,Napoleon,Winter Garden,United States
362,Starview,Manhattan,United States
1112,Palo Alto,Trussville,United States
736,Olive,Hanover Park,United States
1194,Cabrillo,Hannibal,United States
1052,Crystal,Piqua,United States
911,Lily,Warner Robins,United States
936,Diamond Heights,West Des Moines,United States
586,Prague,Milwaukie,United States
559,Rousseau,Port Huron,United States
207,Double Rock,Lenexa,United States
646,Flood,Avon Lake,United States
